{
  "regex": {
    "recall@5_mean": 0.29000000000000004,
    "recall@5_min": 0.0,
    "recall@5_max": 0.8,
    "recall@10_mean": 0.53,
    "recall@10_min": 0.2,
    "recall@10_max": 0.8,
    "precision@5_mean": 0.29000000000000004,
    "precision@5_min": 0.0,
    "precision@5_max": 0.8,
    "precision@10_mean": 0.265,
    "precision@10_min": 0.1,
    "precision@10_max": 0.4,
    "latency_ms_mean": 1.9162833457812667,
    "latency_ms_min": 1.6440418548882008,
    "latency_ms_max": 2.8527500107884407,
    "n_returned_mean": 10.0,
    "n_returned_min": 10,
    "n_returned_max": 10
  },
  "tfidf": {
    "recall@5_mean": 0.8,
    "recall@5_min": 0.8,
    "recall@5_max": 0.8,
    "recall@10_mean": 0.8200000000000001,
    "recall@10_min": 0.8,
    "recall@10_max": 1.2,
    "precision@5_mean": 0.8,
    "precision@5_min": 0.8,
    "precision@5_max": 0.8,
    "precision@10_mean": 0.41000000000000003,
    "precision@10_min": 0.4,
    "precision@10_max": 0.6,
    "latency_ms_mean": 3.4031686605885625,
    "latency_ms_min": 3.203124739229679,
    "latency_ms_max": 3.5900832153856754,
    "n_returned_mean": 10.0,
    "n_returned_min": 10,
    "n_returned_max": 10
  },
  "prf": {
    "recall@5_mean": 0.45,
    "recall@5_min": 0.4,
    "recall@5_max": 0.8,
    "recall@10_mean": 0.62,
    "recall@10_min": 0.4,
    "recall@10_max": 1.2,
    "precision@5_mean": 0.45,
    "precision@5_min": 0.4,
    "precision@5_max": 0.8,
    "precision@10_mean": 0.31,
    "precision@10_min": 0.2,
    "precision@10_max": 0.6,
    "latency_ms_mean": 4.129985347390175,
    "latency_ms_min": 3.9297500625252724,
    "latency_ms_max": 4.755167290568352,
    "n_returned_mean": 10.0,
    "n_returned_min": 10,
    "n_returned_max": 10
  },
  "prf_gated": {
    "recall@5_mean": 0.8,
    "recall@5_min": 0.8,
    "recall@5_max": 0.8,
    "recall@10_mean": 0.8200000000000001,
    "recall@10_min": 0.8,
    "recall@10_max": 1.2,
    "precision@5_mean": 0.8,
    "precision@5_min": 0.8,
    "precision@5_max": 0.8,
    "precision@10_mean": 0.41000000000000003,
    "precision@10_min": 0.4,
    "precision@10_max": 0.6,
    "latency_ms_mean": 3.3998206490650773,
    "latency_ms_min": 3.20779113098979,
    "latency_ms_max": 3.713832702487707,
    "n_returned_mean": 10.0,
    "n_returned_min": 10,
    "n_returned_max": 10
  }
}