{
  "regex": {
    "recall@5_mean": 0.29000000000000004,
    "recall@5_min": 0.0,
    "recall@5_max": 0.8,
    "recall@10_mean": 0.53,
    "recall@10_min": 0.2,
    "recall@10_max": 0.8,
    "precision@5_mean": 0.29000000000000004,
    "precision@5_min": 0.0,
    "precision@5_max": 0.8,
    "precision@10_mean": 0.265,
    "precision@10_min": 0.1,
    "precision@10_max": 0.4,
    "latency_ms_mean": 1.7999271862208843,
    "latency_ms_min": 1.258375123143196,
    "latency_ms_max": 3.2511670142412186,
    "n_returned_mean": 10.0,
    "n_returned_min": 10,
    "n_returned_max": 10
  },
  "tfidf": {
    "recall@5_mean": 0.8,
    "recall@5_min": 0.8,
    "recall@5_max": 0.8,
    "recall@10_mean": 0.8200000000000001,
    "recall@10_min": 0.8,
    "recall@10_max": 1.2,
    "precision@5_mean": 0.8,
    "precision@5_min": 0.8,
    "precision@5_max": 0.8,
    "precision@10_mean": 0.41000000000000003,
    "precision@10_min": 0.4,
    "precision@10_max": 0.6,
    "latency_ms_mean": 2.9693249613046646,
    "latency_ms_min": 2.7276664040982723,
    "latency_ms_max": 3.2534580677747726,
    "n_returned_mean": 10.0,
    "n_returned_min": 10,
    "n_returned_max": 10
  },
  "prf": {
    "recall@5_mean": 0.45,
    "recall@5_min": 0.4,
    "recall@5_max": 0.8,
    "recall@10_mean": 0.62,
    "recall@10_min": 0.4,
    "recall@10_max": 1.2,
    "precision@5_mean": 0.45,
    "precision@5_min": 0.4,
    "precision@5_max": 0.8,
    "precision@10_mean": 0.31,
    "precision@10_min": 0.2,
    "precision@10_max": 0.6,
    "latency_ms_mean": 3.6212394945323467,
    "latency_ms_min": 3.389500081539154,
    "latency_ms_max": 3.924082964658737,
    "n_returned_mean": 10.0,
    "n_returned_min": 10,
    "n_returned_max": 10
  }
}